City,Lat,Lng,Max_Temp,Humidity,Cloudiness,Wind_Speed,Country,Date
Chui,-33.7,-53.46,47.01,91,99,9.19,UY,1595641523
Mossamedes,-15.2,12.15,65.95,81,0,4.79,AO,1595641523
Hilo,19.73,-155.09,78.8,83,90,3.36,US,1595641523
Cabo San Lucas,22.89,-109.91,89.01,73,5,17.22,MX,1595641524
Vaini,-21.2,-175.2,75.2,83,75,12.75,TO,1595641524
Punta Arenas,-53.15,-70.92,35.6,91,100,12.75,CL,1595641524
Padang,-0.95,100.35,82.31,71,100,1.7,ID,1595641353
Kruisfontein,-34.0,24.73,60.24,28,0,11.68,ZA,1595641524
Bonfim,3.08,-59.95,77.79,85,100,0.13,BR,1595641524
Chokurdakh,70.63,147.92,80.13,37,51,5.01,RU,1595641525
Woodward,36.43,-99.39,91.4,43,40,11.41,US,1595641525
Hobart,-42.88,147.33,54.0,66,75,10.29,AU,1595641346
Cape Town,-33.93,18.42,48.99,83,0,3.47,ZA,1595641328
Ürümqi,43.8,87.6,82.4,28,0,6.71,CN,1595641525
Albany,42.6,-73.97,75.99,68,0,1.97,US,1595641508
Hermanus,-34.42,19.23,59.58,55,0,2.06,ZA,1595641525
Leninsk,48.71,45.2,64.4,52,39,11.18,RU,1595641526
Kapaa,22.08,-159.32,82.4,74,20,18.34,US,1595641526
Arinos,-15.92,-46.11,65.12,61,97,1.54,BR,1595641526
George Town,5.41,100.34,78.8,94,20,5.82,MY,1595641425
Ushuaia,-54.8,-68.3,32.0,94,90,24.16,AR,1595641147
Aksarka,66.56,67.8,58.89,68,33,9.37,RU,1595641450
Saint-Philippe,-21.36,55.77,64.4,72,75,12.75,RE,1595641527
Bethel,41.37,-73.41,73.4,88,1,4.7,US,1595641303
Rikitea,-23.12,-134.97,68.5,76,0,19.46,PF,1595641527
Puerto Ayora,-0.74,-90.35,68.0,95,61,5.99,EC,1595641527
Tiksi,71.69,128.87,53.24,80,36,11.77,RU,1595641527
Half Moon Bay,37.46,-122.43,66.99,82,90,4.7,US,1595641527
Adré,13.47,22.2,72.82,77,14,8.37,TD,1595641527
Longyearbyen,78.22,15.64,54.66,78,0,5.68,SJ,1595641528
Atuona,-9.8,-139.03,79.11,78,27,18.5,PF,1595641528
Vila do Maio,15.13,-23.22,78.8,78,75,8.05,CV,1595641528
Lavrentiya,65.58,-171.0,49.26,69,100,6.11,RU,1595641528
Hithadhoo,-0.6,73.08,79.02,82,100,11.72,MV,1595641528
Porto-Novo,6.5,2.6,77.0,88,40,10.29,BJ,1595641528
Bredasdorp,-34.53,20.04,42.8,87,0,3.36,ZA,1595641528
Cayenne,4.93,-52.33,78.8,88,94,8.61,GF,1595641448
Butterworth,5.4,100.36,78.8,94,20,5.82,MY,1595641529
Marabu,4.41,114.01,80.6,83,20,5.82,MY,1595641356
Itarema,-2.92,-39.92,77.38,83,22,13.91,BR,1595641529
Tasiilaq,65.61,-37.64,42.8,87,100,4.7,GL,1595641529
Nanortalik,60.14,-45.24,44.85,91,100,0.92,GL,1595641529
Bluff,-46.6,168.33,50.95,79,100,17.05,NZ,1595641529
Harper,4.38,-7.72,74.55,86,56,8.46,LR,1595641530
Granville,-33.83,151.02,62.01,77,75,5.82,AU,1595641308
Wagga Wagga,-35.12,147.37,53.01,71,90,2.24,AU,1595641530
Damietta,31.42,31.81,75.65,79,0,6.62,EG,1595641530
Belmonte,-15.86,-38.88,69.8,77,10,2.24,BR,1595641530
Tarauacá,-8.16,-70.77,75.83,79,41,1.88,BR,1595641530
Oskarshamn,57.26,16.45,57.99,93,5,5.82,SE,1595641531
Kaitangata,-46.28,169.85,55.0,52,100,15.99,NZ,1595641531
Galitsy,56.18,42.85,55.0,100,11,4.47,RU,1595641531
Mahébourg,-20.41,57.7,66.2,68,75,14.99,MU,1595641531
Cherskiy,68.75,161.3,81.73,42,0,7.2,RU,1595641531
Keti Bandar,24.14,67.45,85.3,77,100,14.74,PK,1595641531
Bengkulu,-3.8,102.27,80.96,73,84,4.12,ID,1595641532
Aykhal,66.0,111.5,64.4,72,100,6.71,RU,1595641532
Avarua,-21.21,-159.78,75.2,69,100,4.7,CK,1595641532
Baker City,44.77,-117.83,84.2,18,1,17.22,US,1595641491
King City,36.21,-121.13,78.01,25,0,7.0,US,1595641532
Kahului,20.89,-156.47,86.0,62,40,32.21,US,1595641273
Bandundu Province,-3.32,17.37,78.26,47,5,3.0,CD,1595641533
Castro,-24.79,-50.01,55.38,75,0,4.5,BR,1595641533
Lewistown,40.6,-77.57,77.0,83,1,3.36,US,1595641533
Portland,45.52,-122.68,71.01,52,75,10.29,US,1595640975
Mataura,-46.19,168.86,49.51,83,100,7.45,NZ,1595641533
Bambanglipuro,-7.95,110.28,79.59,65,38,14.58,ID,1595641533
Daru,-9.08,143.21,79.7,82,52,18.16,PG,1595641534
Korla,41.76,86.15,82.67,27,0,7.83,CN,1595641534
Lerwick,60.15,-1.15,55.4,82,100,12.75,GB,1595641534
Port Alfred,-33.59,26.89,66.69,26,0,13.11,ZA,1595641443
Udachny,66.42,112.4,64.4,72,100,6.71,RU,1595641534
Beitbridge,-22.22,30.0,52.3,88,0,7.9,ZW,1595641535
Qaanaaq,77.48,-69.36,45.82,57,0,2.91,GL,1595641535
Eyl,7.98,49.82,77.43,59,91,21.07,SO,1595641462
Yar-Sale,66.83,70.83,58.62,62,23,10.8,RU,1595641258
Abu Dhabi,24.47,54.37,91.4,66,0,10.29,AE,1595641536
Luena,-11.78,19.92,46.98,54,0,3.83,AO,1595641536
Saint Paul Harbor,57.79,-152.41,60.8,77,90,3.36,US,1595641468
Hong Kong,22.29,114.16,90.0,66,93,11.01,HK,1595641283
San Quintín,30.48,-115.95,67.14,77,0,12.35,MX,1595641536
Butaritari,3.07,172.79,83.14,75,44,18.88,KI,1595641536
Iberia,29.95,-91.75,78.8,88,20,9.17,US,1595641536
Necochea,-38.55,-58.74,37.99,87,8,11.01,AR,1595641537
São João da Barra,-21.64,-41.05,71.69,83,0,16.2,BR,1595641537
Agua Dulce,18.13,-94.13,80.29,83,54,6.58,MX,1595641537
Liverpool,53.41,-2.98,62.01,100,100,9.17,GB,1595641261
Sorong,-0.88,131.25,82.98,75,8,9.28,ID,1595641537
Asău,46.43,26.4,60.01,96,1,3.24,RO,1595641538
Dwārka,22.24,68.97,83.26,82,100,13.91,IN,1595641538
Ancud,-41.87,-73.82,48.0,100,90,10.29,CL,1595641538
Sambava,-14.27,50.17,69.6,71,98,18.43,MG,1595641538
Ossora,59.24,163.07,67.77,52,0,7.0,RU,1595641538
Paamiut,61.99,-49.67,46.96,92,99,7.07,GL,1595641538
Kutum,14.2,24.67,78.3,50,35,8.14,SD,1595641538
Pisco,-13.7,-76.22,62.01,82,1,16.11,PE,1595641539
Ulladulla,-35.35,150.47,61.0,76,18,4.0,AU,1595641539
Tuktoyaktuk,69.45,-133.04,64.4,55,75,6.93,CA,1595641539
Lorengau,-2.02,147.27,84.0,77,84,10.56,PG,1595641539
Maniitsoq,65.42,-52.9,47.43,90,100,3.87,GL,1595641539
Mount Isa,-20.73,139.5,75.2,33,0,9.17,AU,1595641457
Klaksvík,62.23,-6.59,50.0,100,100,8.05,FO,1595641540
Kiama,-34.68,150.87,64.99,72,24,3.0,AU,1595641540
East London,-33.02,27.91,64.78,26,0,5.26,ZA,1595641540
Alta Floresta,-9.88,-56.09,78.06,44,40,3.24,BR,1595641540
Najrān,17.49,44.13,83.71,28,100,8.57,SA,1595641540
Río Gallegos,-51.62,-69.22,33.8,86,0,13.87,AR,1595641541
Shar'ya,58.37,45.51,50.56,87,12,3.58,RU,1595641541
Yellowknife,62.46,-114.35,60.8,82,75,8.05,CA,1595641245
Busselton,-33.65,115.33,59.0,56,98,21.21,AU,1595641442
College,64.86,-147.8,62.6,67,90,3.36,US,1595641541
Vila Franca do Campo,37.72,-25.43,66.2,77,75,1.48,PT,1595641541
Bambous Virieux,-20.34,57.76,66.99,68,75,14.99,MU,1595641541
Langsa,4.47,97.97,82.67,73,48,3.27,ID,1595641542
San Patricio,19.22,-104.7,84.2,79,75,7.31,MX,1595641542
Iqaluit,63.75,-68.51,44.6,87,75,2.24,CA,1595641542
Buta,2.79,24.73,68.81,97,100,1.92,CD,1595641542
Zhezkazgan,47.8,67.71,64.4,52,0,8.95,KZ,1595641542
Masterton,-40.96,175.66,55.0,75,0,8.01,NZ,1595641542
Burlington,39.88,-74.64,73.99,100,20,3.8,US,1595641543
Santa Cruz de Tenerife,28.47,-16.25,72.0,93,90,16.11,ES,1595641543
Hammerfest,70.66,23.68,60.8,87,0,21.92,NO,1595641304
Fort Nelson,58.81,-122.7,69.8,56,75,6.93,CA,1595641543
Barrow,71.29,-156.79,35.6,80,90,13.87,US,1595641543
Labuhan,-6.88,112.21,78.71,69,100,10.27,ID,1595641543
San Carlos,9.66,-68.58,73.02,92,99,2.15,VE,1595641273
Diapaga,12.07,1.79,75.45,87,100,5.77,BF,1595641544
Sol'-Iletsk,51.16,54.99,62.8,85,0,5.82,RU,1595641544
Lebu,-37.62,-73.65,47.95,78,100,11.1,CL,1595641544
Antibes,43.56,7.13,71.6,68,0,8.05,FR,1595641545
Howard Springs,-12.5,131.05,84.0,48,32,12.75,AU,1595641545
Leh,34.17,77.58,61.23,39,28,4.47,IN,1595641545
Khandyga,62.67,135.6,85.35,32,0,4.81,RU,1595641545
Esperance,-33.87,121.9,56.77,67,67,18.01,AU,1595641545
Inhambane,-23.86,35.38,64.51,74,13,10.27,MZ,1595641545
Adrar,20.5,-10.07,92.79,26,0,13.56,MR,1595641546
Ambon City,-3.7,128.18,87.01,74,40,5.82,ID,1595641546
Los Llanos de Aridane,28.66,-17.92,69.8,77,3,13.87,ES,1595641546
Nikolskoye,59.7,30.79,53.6,87,75,6.71,RU,1595641173
Palembang,-2.92,104.75,78.8,94,20,5.82,ID,1595641546
Jamestown,42.1,-79.24,71.6,83,40,8.05,US,1595641546
Baracoa,20.35,-74.5,80.15,83,20,5.03,CU,1595641546
Liaoyang,41.27,123.17,80.6,74,90,2.24,CN,1595641547
Vardø,70.37,31.11,56.41,88,0,11.79,NO,1595641547
Along,28.17,94.77,76.03,88,100,0.36,IN,1595641547
Bozüyük,39.91,30.04,59.0,72,0,5.82,TR,1595641547
Markova,48.68,24.41,56.44,86,25,4.29,UA,1595641547
Praia da Vitória,38.73,-27.07,66.2,82,20,3.85,PT,1595641547
Talaya,61.38,152.75,77.85,27,65,5.93,RU,1595641546
Acarí,-15.43,-74.62,60.31,67,44,4.61,PE,1595641548
Cidreira,-30.18,-50.21,58.8,91,100,13.53,BR,1595641548
Ponta do Sol,32.67,-17.1,70.0,68,20,25.28,PT,1595641173
Vestmannaeyjar,63.44,-20.27,49.82,67,0,5.41,IS,1595641548
Khatanga,71.97,102.5,44.51,81,97,14.23,RU,1595641549
Port Augusta,-32.5,137.77,59.0,82,75,8.05,AU,1595641549
Constantine,36.37,6.61,68.0,82,20,4.7,DZ,1595641549
New Norfolk,-42.78,147.06,52.0,79,100,1.01,AU,1595641173
Nyagan,62.14,65.39,55.42,66,6,5.44,RU,1595641549
Boguchany,58.38,97.45,65.43,57,0,2.91,RU,1595641549
Chiredzi,-21.05,31.67,54.48,89,17,4.05,ZW,1595641550
Paciran,-6.88,112.38,78.75,70,100,7.43,ID,1595641550
Rio Grande,-32.03,-52.1,48.0,96,100,1.01,BR,1595641550
Teahupoo,-17.83,-149.27,80.6,61,75,9.17,PF,1595641253
Civita Castellana,42.3,12.41,75.99,79,0,1.54,IT,1595641550
Chapada dos Guimarães,-15.46,-55.75,78.8,41,97,2.24,BR,1595641551
Dali,25.7,100.18,68.36,77,100,4.34,CN,1595641551
San Juan de Urabá,8.76,-76.53,77.81,83,15,3.51,CO,1595641551
Ballina,-28.87,153.57,60.8,87,90,8.05,AU,1595641551
Otane,-39.88,176.63,55.0,61,0,1.99,NZ,1595641551
Talnakh,69.49,88.4,55.4,66,0,17.9,RU,1595641552
Beyneu,45.32,55.2,76.39,43,8,3.18,KZ,1595641552
Maricá,-22.92,-42.82,73.4,73,0,4.7,BR,1595641384
Mount Gambier,-37.83,140.77,55.08,62,72,2.55,AU,1595641552
Hajdúdorog,47.82,21.5,68.0,77,100,6.93,HU,1595641257
Kavieng,-2.57,150.8,86.58,67,17,9.8,PG,1595641552
Asnæs,55.81,11.5,55.99,95,10,1.01,DK,1595641552
Açu,-5.58,-36.91,75.42,70,59,7.18,BR,1595641417
Province of Mantua,45.17,10.78,64.0,92,5,6.38,IT,1595641553
Gabú,12.28,-14.22,73.18,98,100,3.85,GW,1595641553
Lagoa,39.05,-27.98,69.78,81,0,11.88,PT,1595641553
Khovd,48.01,91.64,72.82,38,0,0.94,MN,1595641553
Walvis Bay,-22.96,14.51,69.8,18,0,12.75,NA,1595641553
Narsaq,60.92,-46.05,48.2,87,100,4.7,GL,1595641553
Kamaishi,39.27,141.88,73.4,88,75,2.24,JP,1595641553
Derzhavīnsk,51.1,66.32,63.82,83,90,17.16,KZ,1595641553
Anadyr,64.75,177.48,55.4,76,23,15.66,RU,1595641554
Dikson,73.51,80.55,41.81,96,100,15.82,RU,1595641551
Tuy Hoa,13.08,109.3,86.79,63,8,0.96,VN,1595641554
Thompson,55.74,-97.86,69.8,94,75,5.82,CA,1595641554
Shumskiy,54.83,99.13,65.17,57,84,6.53,RU,1595641554
Port Hardy,50.7,-127.42,62.6,72,40,12.75,CA,1595641554
Lincoln,40.8,-96.67,84.2,66,1,17.22,US,1595641555
Cap Malheureux,-19.98,57.61,66.99,62,57,7.0,MU,1595641555
Vila Velha,-20.33,-40.29,66.2,93,40,5.97,BR,1595641544
Tarko-Sale,64.92,77.78,62.01,71,0,12.44,RU,1595641555
Omsukchan,62.53,155.8,81.5,27,0,5.21,RU,1595641555
Kununurra,-15.77,128.73,78.8,17,0,10.29,AU,1595641555
Chesma,53.81,60.65,56.41,92,97,6.98,RU,1595641555
Pauri,30.15,78.78,75.2,94,75,3.36,IN,1595641555
Solwezi,-12.17,26.39,44.37,81,0,5.66,ZM,1595641556
Leningradskiy,69.38,178.42,51.58,61,57,11.25,RU,1595641556
Severo-Kuril'sk,50.68,156.12,53.82,77,100,7.38,RU,1595641556
Sahuaripa,29.05,-109.23,81.7,66,100,2.84,MX,1595641556
São Filipe,14.9,-24.5,76.93,81,95,2.75,CV,1595641556
Koulikoro,14.0,-7.75,77.22,81,67,12.19,ML,1595641556
Manokwari,-0.87,134.08,82.72,72,84,2.3,ID,1595641557
São José da Coroa Grande,-8.9,-35.15,74.79,79,51,11.65,BR,1595641557
Pasni,25.26,63.47,83.93,79,74,6.2,PK,1595641557
Dire Dawa,9.59,41.87,68.04,72,100,17.98,ET,1595641557
Ribeira Grande,38.52,-28.7,69.94,76,0,7.61,PT,1595641539
Kłobuck,50.9,18.94,60.01,100,1,5.73,PL,1595641557
Kisangani,0.52,25.2,70.07,95,86,1.81,CD,1595641557
Mar del Plata,-38.0,-57.56,42.01,73,40,14.99,AR,1595641520
Hasaki,35.73,140.83,82.0,83,75,8.05,JP,1595641558
Manta,-0.95,-80.73,71.6,83,26,8.05,EC,1595641558
Ocean Springs,30.41,-88.83,78.8,88,90,6.93,US,1595641558
Kano,12.0,8.52,77.23,78,80,6.13,NG,1595641558
Hokitika,-42.72,170.97,52.23,70,15,2.57,NZ,1595641558
Jieshi,22.81,115.83,87.13,72,97,11.54,CN,1595641558
Itoman,26.12,127.67,86.0,89,75,10.29,JP,1595641558
Faanui,-16.48,-151.75,77.54,76,98,17.76,PF,1595641545
Murud,18.33,72.97,80.33,85,100,11.18,IN,1595641559
Shingū,33.73,135.98,75.2,94,75,9.17,JP,1595641559
Longford,53.73,-7.8,57.0,99,100,11.01,IE,1595641559
Esqueda,30.72,-109.58,76.33,60,62,2.82,MX,1595641559
Ushtobe,45.25,77.98,80.19,42,0,7.09,KZ,1595641560
Katsuura,35.13,140.3,80.6,94,75,10.29,JP,1595641560
Sola,-13.88,167.55,79.93,82,99,27.42,VU,1595641560
Jalu,29.03,21.55,76.21,46,0,10.29,LY,1595641560
Lompoc,34.64,-120.46,62.6,77,14,13.87,US,1595641498
Upernavik,72.79,-56.15,46.36,84,100,5.73,GL,1595641561
Rawson,-43.3,-65.1,42.8,64,0,21.92,AR,1595641561
Oriximiná,-1.77,-55.87,77.85,74,28,3.58,BR,1595641561
Suntar,62.14,117.63,68.47,79,92,5.88,RU,1595641561
Solnechnyy,50.72,136.63,70.56,57,75,3.69,RU,1595641561
Znamenskoye,57.13,73.83,59.83,76,67,3.85,RU,1595641561
Laas,46.62,10.7,51.8,93,75,3.36,IT,1595641562
Sechura,-5.56,-80.82,64.38,79,56,15.55,PE,1595641562
Fort Saint James,54.43,-124.25,65.79,50,79,6.2,CA,1595641562
Saint George,37.1,-113.58,93.2,21,1,11.41,US,1595641562
Kieta,-6.22,155.63,84.74,72,76,6.82,PG,1595641562
Manggar,-2.88,108.27,82.53,74,47,15.03,ID,1595641562
Zafra,38.42,-6.42,73.99,44,0,3.0,ES,1595641563
General Pico,-35.66,-63.76,40.75,65,30,10.51,AR,1595641563
Piúma,-20.84,-40.72,67.77,84,0,9.44,BR,1595641563
Białogard,54.01,15.99,64.0,76,2,9.86,PL,1595641563
Srinagar,34.08,74.82,70.41,67,22,1.12,IN,1595641336
Port Lincoln,-34.73,135.87,57.31,74,0,4.07,AU,1595641563
Arraial do Cabo,-22.97,-42.03,71.65,82,0,26.17,BR,1595641441
Levice,48.22,18.61,63.0,88,100,3.74,SK,1595641564
Khorixas,-20.37,14.97,56.07,38,0,12.95,NA,1595641564
Stettler,52.32,-112.72,61.0,79,100,5.99,CA,1595641564
San Rafael,-34.62,-68.33,45.05,49,0,7.87,AR,1595641564
Rovaniemi,66.5,25.72,50.0,93,21,9.17,FI,1595641565
Marawi,8.0,124.29,82.0,78,99,4.0,PH,1595641565
Kiryat Gat,31.61,34.76,75.0,62,0,2.48,IL,1595641565
Magaria,13.0,8.91,81.64,63,0,5.77,NE,1595641565
Saskylakh,71.92,114.08,48.52,79,99,10.54,RU,1595641565
Biak,-0.91,122.88,80.17,76,95,8.16,ID,1595641565
Sisimiut,66.94,-53.67,48.96,81,100,4.56,GL,1595641565
Eureka,40.8,-124.16,64.99,63,1,10.29,US,1595641373
Kavalerovo,44.27,135.06,70.88,66,90,4.54,RU,1595641566
Lahad Datu,5.03,118.33,86.23,63,98,1.68,MY,1595641566
Mehrān,33.12,46.16,86.0,23,33,9.17,IR,1595641566
Beringovskiy,63.05,179.32,53.55,69,98,7.78,RU,1595641566
Bonga,7.28,36.23,59.29,89,95,1.03,ET,1595641566
Vanimo,-2.67,141.3,86.36,63,100,9.55,PG,1595641566
Fortuna,40.6,-124.16,64.0,77,20,13.87,US,1595641542
Chumphon,10.33,98.83,78.8,94,20,2.24,TH,1595641567
Banff,51.18,-115.57,48.99,94,42,1.99,CA,1595641306
Kütahya,39.42,29.98,59.0,72,0,5.82,TR,1595641567
Palmer,42.16,-72.33,72.0,88,75,3.11,US,1595641567
Olafsvik,64.89,-23.71,45.7,74,49,12.26,IS,1595641568
Boyolangu,-8.12,111.89,77.16,71,91,11.03,ID,1595641568
Bingöl,38.88,40.49,72.0,30,0,5.84,TR,1595641568
Kulebaki,55.41,42.53,49.64,95,25,3.02,RU,1595641568
Krasnovishersk,60.41,57.08,58.77,64,0,1.63,RU,1595641568
Antsohihy,-14.88,47.99,70.12,58,0,11.72,MG,1595641568
Grindavik,63.84,-22.43,42.8,81,20,16.11,IS,1595641568
Bichura,50.59,107.6,71.82,55,100,2.77,RU,1595641568
Trairi,-3.28,-39.27,76.93,84,18,9.1,BR,1595641568
Yārāda,17.65,83.27,78.8,94,75,2.24,IN,1595641569
Blankenberge,51.31,3.13,59.0,93,20,8.05,BE,1595641569
West Odessa,31.84,-102.5,95.0,26,40,17.22,US,1595641569
Puerto Nariño,-3.77,-70.38,78.8,100,75,4.7,CO,1595641569
Künzelsau,49.28,9.69,64.4,63,0,4.7,DE,1595641569
Codrington,-38.27,141.97,54.16,68,100,2.1,AU,1595641552
Kedrovyy,56.17,91.82,55.4,87,94,2.24,RU,1595641570
Krasnosel'kup,65.7,82.47,56.93,60,39,11.72,RU,1595641570
Bousso,10.48,16.71,74.62,84,58,2.82,TD,1595641570
Fare,-16.7,-151.02,77.94,75,100,16.69,PF,1595641570
Virginia Beach,36.85,-75.98,82.99,78,75,7.49,US,1595641217
Al Bardīyah,31.76,25.09,73.62,84,0,14.07,LY,1595641570
Puerto El Triunfo,13.28,-88.55,80.6,88,20,2.24,SV,1595641571
Yangi Marg`ilon,40.43,71.72,75.2,53,0,4.7,UZ,1595641571
Bukachacha,52.98,116.92,80.8,42,1,4.14,RU,1595641571
Muhos,64.81,25.99,53.6,81,75,16.11,FI,1595641571
Loíza,18.43,-65.88,84.2,83,40,13.87,PR,1595641571
Muros,42.78,-9.06,64.0,81,1,1.99,ES,1595641571
Salalah,17.02,54.09,78.8,88,75,6.93,OM,1595641511
Vanavara,60.34,102.28,59.97,70,0,8.77,RU,1595641523
Pitsunda,43.16,40.34,75.2,88,90,2.24,GE,1595641572
Mago,53.25,140.18,66.51,45,0,9.01,RU,1595641572
Buchanan,5.88,-10.05,75.2,100,75,8.66,LR,1595641572
Yatou,37.15,122.38,75.97,73,0,11.43,CN,1595641572
Bucerías,20.75,-105.33,84.99,74,75,5.82,MX,1595641572
Grand Forks,47.93,-97.03,88.0,66,75,9.17,US,1595641411
Bāgeshwar,29.85,79.77,75.76,72,74,1.36,IN,1595641573
Vao,-22.67,167.48,71.31,81,1,16.4,NC,1595641573
Kochkurovo,54.04,45.42,52.41,82,47,2.62,RU,1595641573
Duku,11.24,4.91,73.33,92,90,2.91,NG,1595641573
Bulgan,48.81,103.53,57.74,89,100,8.61,MN,1595641573
Saint-François,46.42,3.91,57.2,76,56,2.42,FR,1595641441
Kinshasa,-4.32,15.32,75.61,52,96,4.41,CD,1595641394
Naze,28.37,129.48,82.4,94,75,6.93,JP,1595641574
Moindou,-21.69,165.68,80.6,57,90,4.7,NC,1595641574
Cabedelo,-6.98,-34.83,73.4,88,82,6.93,BR,1595641574
Nueva Loja,0.08,-76.88,70.63,92,48,1.77,EC,1595641574
Dillon,34.42,-79.37,72.0,100,75,5.7,US,1595641574
Morondava,-20.28,44.28,68.04,55,0,13.62,MG,1595641575
Sittwe,20.15,92.9,83.3,78,0,1.3,MM,1595641575
Carbonia,39.17,8.52,75.99,88,5,11.41,IT,1595641575
Wawa,9.9,4.42,73.98,90,100,8.7,NG,1595641575
Port Elizabeth,-33.92,25.57,53.6,27,0,2.24,ZA,1595641541
Gusau,12.16,6.66,75.43,81,51,5.68,NG,1595641575
Souillac,-20.52,57.52,66.2,68,75,14.99,MU,1595641576
Vanderhoof,54.02,-124.02,64.58,55,90,4.41,CA,1595641576
Calama,-22.47,-68.93,42.8,24,0,12.75,CL,1595641576
Shimoda,34.67,138.95,80.6,88,75,16.11,JP,1595641576
Narasannapeta,18.42,84.05,82.06,82,96,2.59,IN,1595641576
Ikwiriri,-7.96,38.97,66.7,79,0,3.94,TZ,1595641576
Payson,40.04,-111.73,89.6,15,40,3.36,US,1595641576
Hebi,35.9,114.19,84.99,53,91,6.87,CN,1595641577
Imeni Poliny Osipenko,52.42,136.49,71.92,54,98,1.39,RU,1595641577
Richards Bay,-28.78,32.04,60.4,77,0,10.02,ZA,1595641577
Pevek,69.7,170.31,47.23,70,84,3.67,RU,1595641577
Iwanai,42.97,140.51,76.77,63,76,3.85,JP,1595641577
Shunde,22.85,113.25,95.0,54,100,7.07,CN,1595641578
Diu,20.71,70.98,83.05,78,100,5.44,IN,1595641578
Constitución,-35.33,-72.42,46.08,72,0,4.45,CL,1595641581
Salinópolis,-0.61,-47.36,79.65,83,93,11.25,BR,1595641582
Isla Aguada,18.78,-91.47,87.8,70,75,10.29,MX,1595641582
Crossville,35.95,-85.03,73.99,83,90,6.93,US,1595641582
Gigmoto,13.78,124.39,83.66,73,100,4.56,PH,1595641582
Baiyin,36.56,104.21,66.0,93,40,4.47,CN,1595641582
Hyères,43.12,6.12,68.0,82,43,3.36,FR,1595641582
Dhārchula,29.85,80.53,73.63,69,32,1.9,IN,1595641583
Litovko,49.24,135.17,71.6,70,69,5.75,RU,1595641583
La Ronge,55.1,-105.28,75.2,57,20,8.05,CA,1595641540
Sitka,57.05,-135.33,57.2,82,90,9.17,US,1595641560
Danilovka,50.36,44.12,56.95,67,0,4.18,RU,1595641583
Tire,38.09,27.74,77.0,53,0,11.41,TR,1595641583
Torbay,47.67,-52.73,55.99,100,90,6.93,CA,1595641356
Skellefteå,64.75,20.95,54.0,93,92,5.82,SE,1595641584
Carnarvon,-24.87,113.63,66.2,37,0,9.17,AU,1595641584
Karacaköy,41.4,28.38,75.0,69,20,17.22,TR,1595641584
Geraldton,-28.77,114.6,53.6,62,0,18.34,AU,1595641580
Angoche,-16.23,39.91,70.47,85,47,10.83,MZ,1595641543
Cockburn Town,21.46,-71.14,83.91,79,66,24.56,TC,1595641584
Tubualá,9.52,-79.03,78.8,88,40,3.36,PA,1595641584
Borazjan,29.27,51.22,91.4,66,4,6.93,IR,1595641585
Golden,39.76,-105.22,75.0,64,75,4.7,US,1595641585
Sangar,63.92,127.47,65.28,70,100,3.87,RU,1595641585
Kavaratti,10.57,72.64,81.5,83,100,25.34,IN,1595641585
Sretensk,52.25,117.71,87.42,46,0,1.01,RU,1595641585
Ulaangom,49.98,92.07,72.01,42,2,3.09,MN,1595641585
Gushikawa,26.35,127.87,86.0,79,40,9.17,JP,1595641585
Hazorasp,41.32,61.07,84.13,22,55,7.56,UZ,1595641586
Alice Springs,-23.7,133.88,59.0,44,0,9.17,AU,1595641580
Provideniya,64.38,-173.3,50.7,66,100,2.68,RU,1595641585
Iranshahr,27.2,60.68,88.39,42,79,3.38,IR,1595641586
Gambēla,8.25,34.58,68.2,93,100,1.74,ET,1595641586
Anáhuac,27.23,-100.15,100.4,33,40,11.41,MX,1595641586
La Sarre,48.8,-79.2,64.65,69,78,4.0,CA,1595641586
Ilhabela,-23.78,-45.36,70.43,71,0,3.4,BR,1595641587
Yichun,47.7,128.9,81.3,56,4,3.98,CN,1595641587
Acapulco de Juárez,16.86,-99.89,84.2,79,75,4.7,MX,1595641466
Biltine,14.53,20.92,82.83,60,83,7.31,TD,1595641587
Yeppoon,-23.13,150.73,71.6,64,90,4.7,AU,1595641587
Omboué,-1.57,9.26,72.68,83,68,5.93,GA,1595641587
Almaznyy,48.04,40.05,57.2,67,48,4.47,RU,1595641588
Port Blair,11.67,92.75,83.89,73,45,4.5,IN,1595641565
Tucumã,-0.18,-50.05,77.76,86,91,7.29,BR,1595641588
Aswān,24.09,32.91,85.98,21,0,8.14,EG,1595641571
Kumano,34.34,132.59,80.01,78,75,9.17,JP,1595641588
Marsh Harbour,26.54,-77.06,83.43,74,0,17.63,BS,1595641589
Kalengwa,-13.47,25.0,48.15,72,0,6.38,ZM,1595641589
Stephenville,32.22,-98.2,89.6,49,1,8.05,US,1595641580
Grushevskaya,47.44,39.95,57.2,67,0,4.47,RU,1595641589
Gurupi,-11.73,-49.07,72.99,46,26,5.08,BR,1595641589
São José do Belmonte,-7.86,-38.76,67.39,77,100,13.71,BR,1595641426
Katherine,-14.47,132.27,80.6,32,0,12.75,AU,1595641590
Opotiki,-38.08,177.28,55.99,60,0,4.0,NZ,1595641590
Bentiu,9.23,29.83,70.99,93,87,4.27,SS,1595641590
Watsa,3.04,29.54,62.28,100,88,0.98,CD,1595641590
Srednekolymsk,67.45,153.68,87.76,24,15,5.39,RU,1595641590
Darhan,49.49,105.92,63.39,82,100,10.33,MN,1595641590
Guerrero Negro,27.98,-114.06,67.3,77,0,15.61,MX,1595641173
Aflao,6.12,1.19,77.0,88,40,12.75,TG,1595641591
Rognan,67.1,15.39,52.0,96,100,1.07,NO,1595641591
Taoudenni,22.68,-3.98,101.52,10,0,20.33,ML,1595641591
Abengourou,6.73,-3.5,68.34,99,100,2.75,CI,1595641591
Örnsköldsvik,63.29,18.72,51.8,87,1,6.93,SE,1595641591
Stade,53.6,9.48,55.4,93,54,3.36,DE,1595641591
Doha,25.29,51.53,93.0,75,94,5.82,QA,1595641560
San Andrés,12.58,-81.7,84.2,74,40,8.05,CO,1595641512
Kalmar,56.66,16.36,57.99,93,35,5.82,SE,1595641592
Dustlik,40.52,68.04,79.38,32,0,4.12,UZ,1595641592
Kloulklubed,7.04,134.26,75.2,94,90,9.42,PW,1595641592
Hūn,29.13,15.95,69.3,64,0,0.98,LY,1595641592
Prescott,34.54,-112.47,73.4,53,40,4.7,US,1595641463
Verkhoyansk,67.54,133.38,86.74,24,49,5.79,RU,1595641592
Batagay-Alyta,67.8,130.41,78.13,37,8,6.8,RU,1595641593
Zemetchino,53.5,42.62,52.56,85,1,4.03,RU,1595641593
Mackay,-21.15,149.2,72.0,69,34,11.01,AU,1595641593
Ahipara,-35.17,173.17,56.7,59,88,7.58,NZ,1595641593
Abancay,-13.63,-72.88,54.91,62,52,2.51,PE,1595641593
Santa Rosa,14.31,121.11,93.0,61,50,4.0,PH,1595641594
Reghiu,45.78,26.83,58.59,84,0,4.41,RO,1595641594
Bantry,51.68,-9.45,59.0,93,40,9.17,IE,1595641594
Kaka,37.35,59.61,82.24,23,0,5.06,TM,1595641594
Orotukan,62.27,151.7,80.51,28,1,7.02,RU,1595641594
Palafrugell,41.92,3.16,70.0,51,9,3.13,ES,1595641594
Maniwaki,46.38,-75.97,64.47,74,57,2.48,CA,1595641595
Dunedin,-45.87,170.5,55.0,59,100,8.99,NZ,1595641504
Ilulissat,69.22,-51.1,46.4,87,100,6.93,GL,1595641595
Alofi,-19.06,-169.92,78.8,74,13,14.99,NU,1595641595
Puerto Escondido,15.85,-97.07,82.02,73,95,1.19,MX,1595641595
Lamu,-2.27,40.9,76.12,76,9,18.48,KE,1595641595
Joanópolis,-22.93,-46.28,64.4,59,0,1.12,BR,1595641596
Khani,41.96,42.96,71.6,94,75,3.36,GE,1595641596
Nowe Miasto Lubawskie,53.42,19.6,57.0,90,41,5.3,PL,1595641596
Touros,-5.2,-35.46,73.4,88,20,4.7,BR,1595641596
Rosarito,32.33,-117.03,73.0,64,5,12.75,MX,1595641569
Faya,18.39,42.45,68.81,48,78,6.87,SA,1595641597
Camacha,33.08,-16.33,68.0,82,75,14.99,PT,1595641597
Panabá,21.28,-88.27,77.97,90,93,9.31,MX,1595641597
Kunming,25.04,102.72,77.0,88,75,13.42,CN,1595641597
Ponazyrevo,58.36,46.31,51.35,86,27,3.58,RU,1595641597
Oshkosh,44.02,-88.54,78.8,65,1,4.7,US,1595641598
Salta,-24.79,-65.41,33.8,72,0,2.13,AR,1595641598
San Juan de las Huertas,19.25,-99.76,62.6,63,75,3.36,MX,1595641598
Airai,-8.93,125.41,70.52,41,63,5.06,TL,1595641598
Isangel,-19.55,169.27,77.07,72,52,16.44,VU,1595641598
Qinhuangdao,39.93,119.59,88.77,40,39,8.97,CN,1595641598
Nome,64.5,-165.41,55.99,71,90,9.17,US,1595641599
Maceió,-9.67,-35.74,73.4,83,20,3.36,BR,1595641533
Launceston,-41.45,147.17,51.01,70,100,5.82,AU,1595641525
Dordrecht,51.81,4.67,63.0,87,99,3.0,NL,1595641599
West Fargo,46.88,-96.9,89.6,62,20,13.87,US,1595641599
Ambato,-1.25,-78.62,52.0,81,75,3.36,EC,1595641599
Viedma,-40.81,-63.0,37.99,80,3,1.99,AR,1595641599
Kalas,18.17,74.8,74.03,87,100,7.07,IN,1595641599
Sarakhs,36.54,61.16,77.0,44,0,2.24,IR,1595641654
Henties Bay,-22.12,14.28,66.0,20,0,1.01,NA,1595641654
Inuvik,68.35,-133.72,68.0,42,75,6.93,CA,1595641358
Payo,-3.75,103.64,81.72,69,5,2.28,ID,1595641654
Altamont,42.21,-121.74,84.2,17,1,12.75,US,1595641507
Uíge,-7.61,15.06,58.41,70,8,2.24,AO,1595641655
Comodoro Rivadavia,-45.87,-67.5,42.8,60,95,18.34,AR,1595641501
Kuching,1.55,110.33,80.6,88,40,2.24,MY,1595641655
Phuket,8.0,98.25,84.99,83,20,3.36,TH,1595641655
Umluj,25.02,37.27,84.63,55,14,3.85,SA,1595641510
Poum,-20.23,164.02,75.81,81,0,17.74,NC,1595641655
Dingle,11.0,122.67,84.15,73,100,1.68,PH,1595641638
Lüderitz,-26.65,15.16,64.4,27,0,3.36,NA,1595641655
Coquimbo,-29.95,-71.34,50.0,76,0,9.17,CL,1595641486
Bilibino,68.05,166.44,81.81,40,11,12.84,RU,1595641656
Maraã,-1.83,-65.37,73.74,95,70,1.07,BR,1595641656
Ubari,26.59,12.78,73.54,25,0,6.6,LY,1595641656
Mikuni,36.22,136.15,78.8,88,75,5.82,JP,1595641656
Opuwo,-18.06,13.84,51.85,45,0,8.88,NA,1595641656
Thenzawl,23.32,92.75,75.2,94,40,3.36,IN,1595641656
Flinders,-34.58,150.86,64.99,70,33,4.0,AU,1595641656
Dovers,12.88,-61.18,82.51,81,54,20.71,VC,1595641657
Apopka,28.68,-81.51,84.0,76,0,1.01,US,1595641466
Kualakapuas,-3.01,114.39,80.6,74,20,2.24,ID,1595641657
Salisbury,51.07,-1.8,62.6,93,100,10.29,GB,1595641657
Makakilo City,21.35,-158.09,89.6,43,1,9.17,US,1595641658
Gizo Government Station,-8.1,156.84,84.22,77,17,15.41,SB,1595641658
Khartoum,15.55,32.53,87.8,38,97,17.22,SD,1595641394
Norman Wells,65.28,-126.83,73.4,31,20,4.7,CA,1595641658
Port Hedland,-20.32,118.57,73.4,23,0,20.8,AU,1595641658
Fredericton,45.95,-66.67,68.0,72,1,4.7,CA,1595641659
Guadalajara,20.67,-103.33,75.2,38,90,5.82,MX,1595641629
Beira,-19.84,34.84,67.8,79,90,13.15,MZ,1595641659
Tepalcingo,18.6,-98.85,69.39,86,38,1.72,MX,1595641659
Voss,60.62,6.42,48.0,88,90,2.06,NO,1595641659
Broken Hill,-31.95,141.43,60.57,58,0,0.27,AU,1595641546
Jaciara,-15.97,-54.97,71.83,40,48,2.59,BR,1595641659
Chivolo,10.03,-74.62,76.32,88,88,4.5,CO,1595641660
Aleksandrov Gay,50.15,48.57,64.53,58,0,5.77,RU,1595641504
Saldanha,-33.01,17.94,46.4,65,0,2.24,ZA,1595641554
Andenes,69.31,16.12,53.6,93,100,11.41,NO,1595641660
Chyorny Yar,48.06,46.11,65.79,48,44,8.28,RU,1595641660
Sobrance,48.74,22.18,57.0,87,100,4.43,SK,1595641660
Guiratinga,-16.35,-53.76,69.3,40,89,5.55,BR,1595641660
Pemangkat,1.17,108.97,81.36,76,3,4.38,ID,1595641661
Lufilufi,-13.87,-171.6,80.01,83,13,4.0,WS,1595641661
Vila,42.03,-8.16,64.99,88,0,6.93,PT,1595641661
Ambanja,-13.68,48.45,67.8,56,14,4.88,MG,1595641661
Mahon,39.89,4.27,71.6,83,0,5.82,ES,1595641661
Bathsheba,13.22,-59.52,82.4,78,75,19.46,BB,1595641661
Ucluelet,48.93,-125.55,64.4,68,20,10.29,CA,1595641425
Honiara,-9.43,159.95,86.0,74,75,13.87,SB,1595641638
Canavieiras,-15.68,-38.95,68.72,82,25,5.12,BR,1595641362
Orël-Izumrud,43.46,39.92,75.2,88,90,2.24,RU,1595641662
Takoradze,4.88,-1.76,74.41,89,0,9.31,GH,1595641662
Marabá,-5.37,-49.12,73.4,78,58,2.24,BR,1595641662
Revelstoke,50.98,-118.2,62.6,72,90,11.41,CA,1595641662
Te Anau,-45.42,167.72,47.3,79,100,5.97,NZ,1595641553
Yangjiang,21.85,111.97,93.99,55,81,7.47,CN,1595641663
Coyhaique,-45.58,-72.07,41.0,75,100,1.12,CL,1595641615
Pitimbu,-7.47,-34.81,73.4,88,73,6.93,BR,1595641663
Twin Falls,42.56,-114.46,87.8,28,1,5.82,US,1595641503
Kovernino,57.13,43.81,51.49,84,0,2.1,RU,1595641663
Caála,-12.85,15.56,45.88,52,32,3.15,AO,1595641663
Tlalnepantla,19.53,-99.22,66.2,63,90,5.82,MX,1595641664
Porangatu,-13.44,-49.15,68.86,49,91,2.08,BR,1595641664
Villa Carlos Paz,-31.42,-64.5,48.99,51,0,5.82,AR,1595641664
Nassogne,50.13,5.34,55.99,51,20,3.62,BE,1595641664
Hvolsvollur,63.75,-20.22,42.01,85,0,11.01,IS,1595641664
Bembèrèkè,10.23,2.66,69.73,100,90,7.16,BJ,1595641664
Praia,14.92,-23.51,78.8,78,75,8.05,CV,1595641664
Tuatapere,-46.13,167.68,50.22,77,100,7.02,NZ,1595641664
Saint-Augustin,51.23,-58.65,60.28,85,99,7.18,CA,1595641664
Salò,45.61,10.53,66.2,100,0,2.24,IT,1595641665
Green River,41.53,-109.47,77.0,23,1,10.29,US,1595641665
Vilyuysk,63.76,121.62,64.94,93,100,2.91,RU,1595641665
Avera,33.19,-82.53,75.2,70,40,4.7,US,1595641665
Ayr,55.46,-4.63,60.01,93,75,6.93,GB,1595641666
Nemuro,43.32,145.57,62.6,77,75,6.93,JP,1595641666
Seymchan,62.88,152.43,85.15,25,0,9.69,RU,1595641666
Coutances,49.05,-1.43,64.0,88,98,12.75,FR,1595641666
Hailar,49.2,119.7,81.25,55,86,7.96,CN,1595641666
Sungai Penuh,-2.08,101.38,72.3,83,63,1.52,ID,1595641666
Sharjah city,25.36,55.4,93.2,62,7,2.24,AE,1595641666
Venice,27.1,-82.45,80.01,94,90,12.75,US,1595641666
Tarakan,3.3,117.63,80.82,78,100,4.9,ID,1595641667
Pulivendla,14.42,78.23,76.82,84,100,4.03,IN,1595641667
Manjacaze,-24.71,33.88,59.49,88,36,3.44,MZ,1595641667
Camaná,-16.62,-72.71,58.42,80,16,10.69,PE,1595641667
San Cristobal,7.77,-72.22,65.57,93,41,3.67,VE,1595641593
Caravelas,-17.71,-39.25,69.49,82,1,4.43,BR,1595641477
Tobermory,45.25,-81.67,63.0,83,4,5.59,CA,1595641668
Persianovskiy,47.51,40.11,57.2,67,1,4.47,RU,1595641668
Sobolevo,54.43,31.9,50.81,84,100,7.11,RU,1595641668
Clyde River,70.47,-68.59,42.8,93,40,5.82,CA,1595641631
Oyama,36.3,139.8,82.0,88,75,11.41,JP,1595641668
Manavālakurichi,8.13,77.3,78.8,88,40,12.46,IN,1595641668
Waingapu,-9.66,120.26,80.13,54,73,13.71,ID,1595641669
Taltal,-25.4,-70.48,57.4,38,0,8.5,CL,1595641669
Kimbe,-5.55,150.14,89.85,57,25,6.85,PG,1595641669
Tazmalt,36.39,4.4,69.8,88,0,3.36,DZ,1595641669
Nongstoin,25.52,91.27,70.93,89,99,2.04,IN,1595641669
Kayamkulam,9.18,76.5,77.72,88,100,2.55,IN,1595641669
Dawei,14.08,98.2,83.7,76,25,2.93,MM,1595641670
Raseiniai,55.37,23.12,57.2,93,100,8.05,LT,1595641670
Golāghāt,26.52,93.97,80.8,85,100,4.29,IN,1595641670
Elliot Lake,46.38,-82.63,69.8,68,1,5.82,CA,1595641445
Bela,25.93,81.98,83.93,74,74,5.01,IN,1595641670
Samarai,-10.62,150.67,79.47,85,58,16.08,PG,1595641670
Garissa,-0.45,39.64,71.31,68,0,16.02,KE,1595641594
Waipawa,-41.41,175.52,54.0,62,0,10.29,NZ,1595641671
Worland,44.02,-107.96,87.8,18,1,9.17,US,1595641547
Akonolinga,3.77,12.25,66.76,97,83,4.05,CM,1595641671
Port Said,31.26,32.28,79.41,72,0,8.37,EG,1595641671
Aksu,41.12,80.26,84.09,23,38,3.31,CN,1595641671
Kenai,60.55,-151.26,57.2,82,90,1.41,US,1595641672
Yulara,-25.24,130.99,53.6,50,0,10.29,AU,1595641672
Berlevåg,70.86,29.09,56.98,84,0,12.86,NO,1595641672
Wau,7.7,28.0,71.17,94,100,4.23,SS,1595641672
Thinadhoo,0.53,72.93,81.81,71,100,9.08,MV,1595641672
Carballo,43.21,-8.69,64.4,82,90,2.24,ES,1595641673
Belaya Gora,68.53,146.42,90.39,22,0,3.24,RU,1595641673
Pakokku,21.33,95.1,88.79,53,46,5.73,MM,1595641673
Pahlgām,34.03,75.33,63.79,64,52,1.36,IN,1595641673
Bosaso,11.28,49.18,88.7,42,99,21.36,SO,1595641673
Makkah al Mukarramah,21.43,39.83,86.92,45,86,9.8,SA,1595641594
Yaroslavskiy,44.17,132.21,77.58,63,53,10.47,RU,1595641673
